mouse_id,measurement,genotype,treatment,learning,BDNF
309,1,Control,Memantine,C/S,0.430175
309,2,Control,Memantine,C/S,0.41177
309,3,Control,Memantine,C/S,0.418309
309,4,Control,Memantine,C/S,0.358626
309,5,Control,Memantine,C/S,0.358802
309,6,Control,Memantine,C/S,0.367388
309,7,Control,Memantine,C/S,0.342709
309,8,Control,Memantine,C/S,0.327703
309,9,Control,Memantine,C/S,0.31772
309,10,Control,Memantine,C/S,0.362462
309,11,Control,Memantine,C/S,0.327792
309,12,Control,Memantine,C/S,0.355124
309,13,Control,Memantine,C/S,0.312539
309,14,Control,Memantine,C/S,0.310951
309,15,Control,Memantine,C/S,0.344629
311,1,Control,Memantine,C/S,0.377742
311,2,Control,Memantine,C/S,0.351591
311,3,Control,Memantine,C/S,0.35011
311,4,Control,Memantine,C/S,0.356397
311,5,Control,Memantine,C/S,0.31248
311,6,Control,Memantine,C/S,0.319701
311,7,Control,Memantine,C/S,0.38775
311,8,Control,Memantine,C/S,0.349774
311,9,Control,Memantine,C/S,0.308488
311,10,Control,Memantine,C/S,0.320853
311,11,Control,Memantine,C/S,0.384445
311,12,Control,Memantine,C/S,0.304279
311,13,Control,Memantine,C/S,0.29131
311,14,Control,Memantine,C/S,0.316056
311,15,Control,Memantine,C/S,0.28725
320,1,Control,Memantine,C/S,0.446958
320,2,Control,Memantine,C/S,0.464964
320,3,Control,Memantine,C/S,0.470056
320,4,Control,Memantine,C/S,0.393465
320,5,Control,Memantine,C/S,0.411203
320,6,Control,Memantine,C/S,0.421204
320,7,Control,Memantine,C/S,0.363541
320,8,Control,Memantine,C/S,0.385529
320,9,Control,Memantine,C/S,0.391588
320,10,Control,Memantine,C/S,0.370568
320,11,Control,Memantine,C/S,0.384369
320,12,Control,Memantine,C/S,0.38367
320,13,Control,Memantine,C/S,0.360301
320,14,Control,Memantine,C/S,0.37154
320,15,Control,Memantine,C/S,0.360785
321,1,Control,Memantine,C/S,0.402962
321,2,Control,Memantine,C/S,0.401297
321,3,Control,Memantine,C/S,0.417959
321,4,Control,Memantine,C/S,0.376029
321,5,Control,Memantine,C/S,0.381125
321,6,Control,Memantine,C/S,0.385843
321,7,Control,Memantine,C/S,0.342757
321,8,Control,Memantine,C/S,0.357512
321,9,Control,Memantine,C/S,0.361935
321,10,Control,Memantine,C/S,0.324573
321,11,Control,Memantine,C/S,0.338937
321,12,Control,Memantine,C/S,0.334286
321,13,Control,Memantine,C/S,0.308094
321,14,Control,Memantine,C/S,0.326369
321,15,Control,Memantine,C/S,0.331943
322,1,Control,Memantine,C/S,0.315109
322,2,Control,Memantine,C/S,0.333042
322,3,Control,Memantine,C/S,0.342568
322,4,Control,Memantine,C/S,0.32227
322,5,Control,Memantine,C/S,0.316709
322,6,Control,Memantine,C/S,0.323543
322,7,Control,Memantine,C/S,0.30349
322,8,Control,Memantine,C/S,0.302977
322,9,Control,Memantine,C/S,0.29591
322,10,Control,Memantine,C/S,0.296166
322,11,Control,Memantine,C/S,0.30108
322,12,Control,Memantine,C/S,0.310732
322,13,Control,Memantine,C/S,0.322732
322,14,Control,Memantine,C/S,0.318987
322,15,Control,Memantine,C/S,0.321251
3415,1,Control,Memantine,C/S,0.405862
3415,2,Control,Memantine,C/S,0.388584
3415,3,Control,Memantine,C/S,0.400561
3415,4,Control,Memantine,C/S,0.348346
3415,5,Control,Memantine,C/S,0.350051
3415,6,Control,Memantine,C/S,0.34391
3415,7,Control,Memantine,C/S,0.311962
3415,8,Control,Memantine,C/S,0.299948
3415,9,Control,Memantine,C/S,0.305906
3415,10,Control,Memantine,C/S,0.266223
3415,11,Control,Memantine,C/S,0.262431
3415,12,Control,Memantine,C/S,0.258429
3415,13,Control,Memantine,C/S,0.261285
3415,14,Control,Memantine,C/S,0.261164
3415,15,Control,Memantine,C/S,0.257909
3499,1,Control,Memantine,C/S,0.349929
3499,2,Control,Memantine,C/S,0.355206
3499,3,Control,Memantine,C/S,0.362377
3499,4,Control,Memantine,C/S,0.302132
3499,5,Control,Memantine,C/S,0.308328
3499,6,Control,Memantine,C/S,0.306516
3499,7,Control,Memantine,C/S,0.266097
3499,8,Control,Memantine,C/S,0.264008
3499,9,Control,Memantine,C/S,0.268154
3499,10,Control,Memantine,C/S,0.255779
3499,11,Control,Memantine,C/S,0.25135
3499,12,Control,Memantine,C/S,0.296086
3499,13,Control,Memantine,C/S,0.284347
3499,14,Control,Memantine,C/S,0.236207
3499,15,Control,Memantine,C/S,0.215843
3507,1,Control,Memantine,C/S,0.337221
3507,2,Control,Memantine,C/S,0.332253
3507,3,Control,Memantine,C/S,0.341173
3507,4,Control,Memantine,C/S,0.30738
3507,5,Control,Memantine,C/S,0.323729
3507,6,Control,Memantine,C/S,0.326544
3507,7,Control,Memantine,C/S,0.304049
3507,8,Control,Memantine,C/S,0.313173
3507,9,Control,Memantine,C/S,0.305141
3507,10,Control,Memantine,C/S,0.28433
3507,11,Control,Memantine,C/S,0.311242
3507,12,Control,Memantine,C/S,0.310123
3507,13,Control,Memantine,C/S,0.336109
3507,14,Control,Memantine,C/S,0.295235
3507,15,Control,Memantine,C/S,0.331599
3520,1,Control,Memantine,C/S,0.393315
3520,2,Control,Memantine,C/S,0.394525
3520,3,Control,Memantine,C/S,0.390471
3520,4,Control,Memantine,C/S,0.369172
3520,5,Control,Memantine,C/S,0.357777
3520,6,Control,Memantine,C/S,0.350834
3520,7,Control,Memantine,C/S,0.328569
3520,8,Control,Memantine,C/S,0.331195
3520,9,Control,Memantine,C/S,0.309216
3520,10,Control,Memantine,C/S,0.310204
3520,11,Control,Memantine,C/S,0.313193
3520,12,Control,Memantine,C/S,0.335357
3520,13,Control,Memantine,C/S,0.305297
3520,14,Control,Memantine,C/S,0.323752
3520,15,Control,Memantine,C/S,0.308158
3521,1,Control,Memantine,C/S,0.441882
3521,2,Control,Memantine,C/S,0.447825
3521,3,Control,Memantine,C/S,0.431229
3521,4,Control,Memantine,C/S,0.386822
3521,5,Control,Memantine,C/S,0.387912
3521,6,Control,Memantine,C/S,0.381477
3521,7,Control,Memantine,C/S,0.363164
3521,8,Control,Memantine,C/S,0.344837
3521,9,Control,Memantine,C/S,0.351973
3521,10,Control,Memantine,C/S,0.335082
3521,11,Control,Memantine,C/S,0.33844
3521,12,Control,Memantine,C/S,0.33814
3521,13,Control,Memantine,C/S,0.312939
3521,14,Control,Memantine,C/S,0.32659
3521,15,Control,Memantine,C/S,0.306182
294,1,Control,Memantine,S/C,0.30849
294,2,Control,Memantine,S/C,0.289044
294,3,Control,Memantine,S/C,0.321849
294,4,Control,Memantine,S/C,0.299534
294,5,Control,Memantine,S/C,0.297412
294,6,Control,Memantine,S/C,0.283041
294,7,Control,Memantine,S/C,0.316702
294,8,Control,Memantine,S/C,0.294577
294,9,Control,Memantine,S/C,0.281317
294,10,Control,Memantine,S/C,0.343385
294,11,Control,Memantine,S/C,0.32621
294,12,Control,Memantine,S/C,0.325207
294,13,Control,Memantine,S/C,0.324551
294,14,Control,Memantine,S/C,0.365986
294,15,Control,Memantine,S/C,0.36239
3412,1,Control,Memantine,S/C,0.281872
3412,2,Control,Memantine,S/C,0.298376
3412,3,Control,Memantine,S/C,0.303706
3412,4,Control,Memantine,S/C,0.293354
3412,5,Control,Memantine,S/C,0.304831
3412,6,Control,Memantine,S/C,0.298283
3412,7,Control,Memantine,S/C,0.300151
3412,8,Control,Memantine,S/C,0.299458
3412,9,Control,Memantine,S/C,0.294463
3412,10,Control,Memantine,S/C,0.304348
3412,11,Control,Memantine,S/C,0.299629
3412,12,Control,Memantine,S/C,0.321589
3412,13,Control,Memantine,S/C,0.317188
3412,14,Control,Memantine,S/C,0.317687
3412,15,Control,Memantine,S/C,0.346354
3413,1,Control,Memantine,S/C,0.265468
3413,2,Control,Memantine,S/C,0.115181
3413,3,Control,Memantine,S/C,0.266897
3413,4,Control,Memantine,S/C,0.232139
3413,5,Control,Memantine,S/C,0.255172
3413,6,Control,Memantine,S/C,0.239452
3413,7,Control,Memantine,S/C,0.221029
3413,8,Control,Memantine,S/C,0.217386
3413,9,Control,Memantine,S/C,0.222237
3413,10,Control,Memantine,S/C,0.212387
3413,11,Control,Memantine,S/C,0.198159
3413,12,Control,Memantine,S/C,0.22014
3413,13,Control,Memantine,S/C,0.18598
3413,14,Control,Memantine,S/C,0.197271
3413,15,Control,Memantine,S/C,0.228644
3419,1,Control,Memantine,S/C,0.294585
3419,2,Control,Memantine,S/C,0.29059
3419,3,Control,Memantine,S/C,0.279474
3419,4,Control,Memantine,S/C,0.282662
3419,5,Control,Memantine,S/C,0.284984
3419,6,Control,Memantine,S/C,0.258192
3419,7,Control,Memantine,S/C,0.269407
3419,8,Control,Memantine,S/C,0.252743
3419,9,Control,Memantine,S/C,0.248002
3419,10,Control,Memantine,S/C,0.308649
3419,11,Control,Memantine,S/C,0.28001
3419,12,Control,Memantine,S/C,0.267983
3419,13,Control,Memantine,S/C,0.317257
3419,14,Control,Memantine,S/C,0.283714
3419,15,Control,Memantine,S/C,0.272195
3420,1,Control,Memantine,S/C,0.266725
3420,2,Control,Memantine,S/C,0.26
3420,3,Control,Memantine,S/C,0.247091
3420,4,Control,Memantine,S/C,0.268394
3420,5,Control,Memantine,S/C,0.267684
3420,6,Control,Memantine,S/C,0.239207
3420,7,Control,Memantine,S/C,0.313835
3420,8,Control,Memantine,S/C,0.26097
3420,9,Control,Memantine,S/C,0.249136
3420,10,Control,Memantine,S/C,0.337398
3420,11,Control,Memantine,S/C,0.32447
3420,12,Control,Memantine,S/C,0.301639
3420,13,Control,Memantine,S/C,0.397491
3420,14,Control,Memantine,S/C,0.335948
3420,15,Control,Memantine,S/C,0.342715
3500,1,Control,Memantine,S/C,0.327984
3500,2,Control,Memantine,S/C,0.291024
3500,3,Control,Memantine,S/C,0.291796
3500,4,Control,Memantine,S/C,0.324419
3500,5,Control,Memantine,S/C,0.285832
3500,6,Control,Memantine,S/C,0.275021
3500,7,Control,Memantine,S/C,0.316704
3500,8,Control,Memantine,S/C,0.263368
3500,9,Control,Memantine,S/C,0.265628
3500,10,Control,Memantine,S/C,0.276942
3500,11,Control,Memantine,S/C,0.263713
3500,12,Control,Memantine,S/C,0.258155
3500,13,Control,Memantine,S/C,0.320755
3500,14,Control,Memantine,S/C,0.280268
3500,15,Control,Memantine,S/C,0.280899
3503,1,Control,Memantine,S/C,0.290876
3503,2,Control,Memantine,S/C,0.309184
3503,3,Control,Memantine,S/C,0.288298
3503,4,Control,Memantine,S/C,0.311252
3503,5,Control,Memantine,S/C,0.284369
3503,6,Control,Memantine,S/C,0.279554
3503,7,Control,Memantine,S/C,0.267342
3503,8,Control,Memantine,S/C,0.281417
3503,9,Control,Memantine,S/C,0.315329
3503,10,Control,Memantine,S/C,0.312906
3503,11,Control,Memantine,S/C,0.297579
3503,12,Control,Memantine,S/C,0.267662
3503,13,Control,Memantine,S/C,0.268237
3503,14,Control,Memantine,S/C,0.316859
3503,15,Control,Memantine,S/C,0.332022
362,1,Control,Memantine,S/C,0.305588
362,2,Control,Memantine,S/C,0.299698
362,3,Control,Memantine,S/C,0.296756
362,4,Control,Memantine,S/C,0.286402
362,5,Control,Memantine,S/C,0.289151
362,6,Control,Memantine,S/C,0.280288
362,7,Control,Memantine,S/C,0.276961
362,8,Control,Memantine,S/C,0.26561
362,9,Control,Memantine,S/C,0.276144
362,10,Control,Memantine,S/C,0.290692
362,11,Control,Memantine,S/C,0.274702
362,12,Control,Memantine,S/C,0.249597
362,13,Control,Memantine,S/C,0.303226
362,14,Control,Memantine,S/C,0.28448
362,15,Control,Memantine,S/C,0.278669
364,1,Control,Memantine,S/C,0.337858
364,2,Control,Memantine,S/C,0.337149
364,3,Control,Memantine,S/C,0.371797
364,4,Control,Memantine,S/C,0.319888
364,5,Control,Memantine,S/C,0.331919
364,6,Control,Memantine,S/C,0.345114
364,7,Control,Memantine,S/C,0.302771
364,8,Control,Memantine,S/C,0.309427
364,9,Control,Memantine,S/C,0.30342
364,10,Control,Memantine,S/C,0.310131
364,11,Control,Memantine,S/C,0.363934
364,12,Control,Memantine,S/C,0.317728
364,13,Control,Memantine,S/C,0.268688
364,14,Control,Memantine,S/C,0.258377
364,15,Control,Memantine,S/C,0.331821
365,1,Control,Memantine,S/C,0.337207
365,2,Control,Memantine,S/C,0.3474
365,3,Control,Memantine,S/C,0.355216
365,4,Control,Memantine,S/C,0.316156
365,5,Control,Memantine,S/C,0.323482
365,6,Control,Memantine,S/C,0.307015
365,7,Control,Memantine,S/C,0.281439
365,8,Control,Memantine,S/C,0.292705
365,9,Control,Memantine,S/C,0.303952
365,10,Control,Memantine,S/C,0.246314
365,11,Control,Memantine,S/C,0.291971
365,12,Control,Memantine,S/C,0.288243
365,13,Control,Memantine,S/C,0.279959
365,14,Control,Memantine,S/C,0.317025
365,15,Control,Memantine,S/C,0.338731
3477,1,Control,Saline,C/S,0.41498
3477,2,Control,Saline,C/S,0.424325
3477,3,Control,Saline,C/S,0.44476
3477,4,Control,Saline,C/S,0.390846
3477,5,Control,Saline,C/S,0.389176
3477,6,Control,Saline,C/S,0.414548
3477,7,Control,Saline,C/S,0.349671
3477,8,Control,Saline,C/S,0.361981
3477,9,Control,Saline,C/S,0.385111
3477,10,Control,Saline,C/S,0.379476
3477,11,Control,Saline,C/S,0.367044
3477,12,Control,Saline,C/S,0.372024
3477,13,Control,Saline,C/S,0.338769
3477,14,Control,Saline,C/S,0.357764
3477,15,Control,Saline,C/S,0.346471
3478,1,Control,Saline,C/S,0.419017
3478,2,Control,Saline,C/S,0.432893
3478,3,Control,Saline,C/S,0.463257
3478,4,Control,Saline,C/S,0.364472
3478,5,Control,Saline,C/S,0.376172
3478,6,Control,Saline,C/S,0.390998
3478,7,Control,Saline,C/S,0.339268
3478,8,Control,Saline,C/S,0.350978
3478,9,Control,Saline,C/S,0.369603
3478,10,Control,Saline,C/S,0.32047
3478,11,Control,Saline,C/S,0.311541
3478,12,Control,Saline,C/S,0.323897
3478,13,Control,Saline,C/S,0.297028
3478,14,Control,Saline,C/S,0.312944
3478,15,Control,Saline,C/S,0.30809
3479,1,Control,Saline,C/S,0.360817
3479,2,Control,Saline,C/S,0.347359
3479,3,Control,Saline,C/S,0.36667
3479,4,Control,Saline,C/S,0.32685
3479,5,Control,Saline,C/S,0.325772
3479,6,Control,Saline,C/S,0.338932
3479,7,Control,Saline,C/S,0.30739
3479,8,Control,Saline,C/S,0.322078
3479,9,Control,Saline,C/S,0.316987
3479,10,Control,Saline,C/S,0.343634
3479,11,Control,Saline,C/S,0.353086
3479,12,Control,Saline,C/S,0.34039
3479,13,Control,Saline,C/S,0.351551
3479,14,Control,Saline,C/S,0.360836
3479,15,Control,Saline,C/S,0.37226
3480,1,Control,Saline,C/S,0.397923
3480,2,Control,Saline,C/S,0.410483
3480,3,Control,Saline,C/S,0.400732
3480,4,Control,Saline,C/S,0.332077
3480,5,Control,Saline,C/S,0.327295
3480,6,Control,Saline,C/S,0.32651
3480,7,Control,Saline,C/S,0.294478
3480,8,Control,Saline,C/S,0.299346
3480,9,Control,Saline,C/S,0.299094
3480,10,Control,Saline,C/S,0.27797
3480,11,Control,Saline,C/S,0.272561
3480,12,Control,Saline,C/S,0.270306
3480,13,Control,Saline,C/S,0.255656
3480,14,Control,Saline,C/S,0.248881
3480,15,Control,Saline,C/S,0.250784
3484,1,Control,Saline,C/S,0.437048
3484,2,Control,Saline,C/S,0.42626
3484,3,Control,Saline,C/S,0.424498
3484,4,Control,Saline,C/S,0.396928
3484,5,Control,Saline,C/S,0.382448
3484,6,Control,Saline,C/S,0.370335
3484,7,Control,Saline,C/S,0.354444
3484,8,Control,Saline,C/S,0.345963
3484,9,Control,Saline,C/S,0.31762
3484,10,Control,Saline,C/S,0.373902
3484,11,Control,Saline,C/S,0.35774
3484,12,Control,Saline,C/S,0.359857
3484,13,Control,Saline,C/S,0.44379
3484,14,Control,Saline,C/S,0.440291
3484,15,Control,Saline,C/S,0.445207
3497,1,Control,Saline,C/S,0.49716
3497,2,Control,Saline,C/S,0.340029
3497,3,Control,Saline,C/S,0.401265
3497,4,Control,Saline,C/S,0.454198
3497,5,Control,Saline,C/S,0.320351
3497,6,Control,Saline,C/S,0.385156
3497,7,Control,Saline,C/S,0.376263
3497,8,Control,Saline,C/S,0.251711
3497,9,Control,Saline,C/S,0.338774
3497,10,Control,Saline,C/S,0.352427
3497,11,Control,Saline,C/S,0.204932
3497,12,Control,Saline,C/S,0.323243
3497,13,Control,Saline,C/S,0.375666
3497,14,Control,Saline,C/S,0.301929
3497,15,Control,Saline,C/S,0.290585
50810A,1,Control,Saline,C/S,0.438504
50810A,2,Control,Saline,C/S,0.419144
50810A,3,Control,Saline,C/S,0.401651
50810A,4,Control,Saline,C/S,0.354831
50810A,5,Control,Saline,C/S,0.344816
50810A,6,Control,Saline,C/S,0.310604
50810A,7,Control,Saline,C/S,0.318816
50810A,8,Control,Saline,C/S,0.304625
50810A,9,Control,Saline,C/S,0.298627
50810A,10,Control,Saline,C/S,0.281613
50810A,11,Control,Saline,C/S,0.262915
50810A,12,Control,Saline,C/S,0.254059
50810A,13,Control,Saline,C/S,0.278817
50810A,14,Control,Saline,C/S,0.254299
50810A,15,Control,Saline,C/S,0.264318
50810D,1,Control,Saline,C/S,0.383699
50810D,2,Control,Saline,C/S,0.36612
50810D,3,Control,Saline,C/S,0.369386
50810D,4,Control,Saline,C/S,0.314719
50810D,5,Control,Saline,C/S,0.311226
50810D,6,Control,Saline,C/S,0.30427
50810D,7,Control,Saline,C/S,0.286519
50810D,8,Control,Saline,C/S,0.285345
50810D,9,Control,Saline,C/S,0.278533
50810D,10,Control,Saline,C/S,0.267686
50810D,11,Control,Saline,C/S,0.263723
50810D,12,Control,Saline,C/S,0.25138
50810D,13,Control,Saline,C/S,0.249283
50810D,14,Control,Saline,C/S,0.260824
50810D,15,Control,Saline,C/S,0.246312
50810F,1,Control,Saline,C/S,0.335251
50810F,2,Control,Saline,C/S,0.341223
50810F,3,Control,Saline,C/S,0.326874
50810F,4,Control,Saline,C/S,0.339319
50810F,5,Control,Saline,C/S,0.342954
50810F,6,Control,Saline,C/S,0.334571
50810F,7,Control,Saline,C/S,0.313293
50810F,8,Control,Saline,C/S,0.309686
50810F,9,Control,Saline,C/S,0.336996
50810F,10,Control,Saline,C/S,0.329663
50810F,11,Control,Saline,C/S,0.303954
50810F,12,Control,Saline,C/S,0.296296
50810F,13,Control,Saline,C/S,0.356233
50810F,14,Control,Saline,C/S,0.368883
50810F,15,Control,Saline,C/S,0.344411
3422,1,Control,Saline,S/C,0.319786
3422,2,Control,Saline,S/C,0.315214
3422,3,Control,Saline,S/C,0.32138
3422,4,Control,Saline,S/C,0.314818
3422,5,Control,Saline,S/C,0.322587
3422,6,Control,Saline,S/C,0.315464
3422,7,Control,Saline,S/C,0.312071
3422,8,Control,Saline,S/C,0.308009
3422,9,Control,Saline,S/C,0.322463
3422,10,Control,Saline,S/C,0.3096
3422,11,Control,Saline,S/C,0.314392
3422,12,Control,Saline,S/C,0.314003
3422,13,Control,Saline,S/C,0.308646
3422,14,Control,Saline,S/C,0.319675
3422,15,Control,Saline,S/C,0.299302
3423,1,Control,Saline,S/C,0.395838
3423,2,Control,Saline,S/C,0.388869
3423,3,Control,Saline,S/C,0.393957
3423,4,Control,Saline,S/C,0.36945
3423,5,Control,Saline,S/C,0.366374
3423,6,Control,Saline,S/C,0.358348
3423,7,Control,Saline,S/C,0.338841
3423,8,Control,Saline,S/C,0.331227
3423,9,Control,Saline,S/C,0.337155
3423,10,Control,Saline,S/C,0.32049
3423,11,Control,Saline,S/C,0.293365
3423,12,Control,Saline,S/C,0.417221
3423,13,Control,Saline,S/C,0.31592
3423,14,Control,Saline,S/C,0.303122
3423,15,Control,Saline,S/C,0.318553
3424,1,Control,Saline,S/C,0.333463
3424,2,Control,Saline,S/C,0.335432
3424,3,Control,Saline,S/C,0.337223
3424,4,Control,Saline,S/C,0.210627
3424,5,Control,Saline,S/C,0.326507
3424,6,Control,Saline,S/C,0.330714
3424,7,Control,Saline,S/C,0.294862
3424,8,Control,Saline,S/C,0.29757
3424,9,Control,Saline,S/C,0.298228
3424,10,Control,Saline,S/C,0.302457
3424,11,Control,Saline,S/C,0.321801
3424,12,Control,Saline,S/C,0.316521
3424,13,Control,Saline,S/C,0.323944
3424,14,Control,Saline,S/C,0.330563
3424,15,Control,Saline,S/C,0.33006
3481,1,Control,Saline,S/C,0.330163
3481,2,Control,Saline,S/C,0.333797
3481,3,Control,Saline,S/C,0.344693
3481,4,Control,Saline,S/C,0.310618
3481,5,Control,Saline,S/C,0.307275
3481,6,Control,Saline,S/C,0.314812
3481,7,Control,Saline,S/C,0.327483
3481,8,Control,Saline,S/C,0.293457
3481,9,Control,Saline,S/C,0.311025
3481,10,Control,Saline,S/C,0.294003
3481,11,Control,Saline,S/C,0.312893
3481,12,Control,Saline,S/C,0.310141
3481,13,Control,Saline,S/C,0.309742
3481,14,Control,Saline,S/C,0.282413
3481,15,Control,Saline,S/C,0.366319
3488,1,Control,Saline,S/C,0.331817
3488,2,Control,Saline,S/C,0.321931
3488,3,Control,Saline,S/C,0.325182
3488,4,Control,Saline,S/C,0.306447
3488,5,Control,Saline,S/C,0.306557
3488,6,Control,Saline,S/C,0.295143
3488,7,Control,Saline,S/C,0.276054
3488,8,Control,Saline,S/C,0.285166
3488,9,Control,Saline,S/C,0.288585
3488,10,Control,Saline,S/C,0.269697
3488,11,Control,Saline,S/C,0.268913
3488,12,Control,Saline,S/C,0.295701
3488,13,Control,Saline,S/C,0.264523
3488,14,Control,Saline,S/C,0.259787
3488,15,Control,Saline,S/C,0.276085
3489,1,Control,Saline,S/C,0.350153
3489,2,Control,Saline,S/C,0.361586
3489,3,Control,Saline,S/C,0.357753
3489,4,Control,Saline,S/C,0.32768
3489,5,Control,Saline,S/C,0.30742
3489,6,Control,Saline,S/C,0.309689
3489,7,Control,Saline,S/C,0.297898
3489,8,Control,Saline,S/C,0.287176
3489,9,Control,Saline,S/C,0.304722
3489,10,Control,Saline,S/C,0.29755
3489,11,Control,Saline,S/C,0.294532
3489,12,Control,Saline,S/C,0.296827
3489,13,Control,Saline,S/C,0.297937
3489,14,Control,Saline,S/C,0.29586
3489,15,Control,Saline,S/C,0.286503
3490,1,Control,Saline,S/C,0.387528
3490,2,Control,Saline,S/C,0.400982
3490,3,Control,Saline,S/C,0.405328
3490,4,Control,Saline,S/C,0.345798
3490,5,Control,Saline,S/C,0.342428
3490,6,Control,Saline,S/C,0.363549
3490,7,Control,Saline,S/C,0.317411
3490,8,Control,Saline,S/C,0.323465
3490,9,Control,Saline,S/C,0.342062
3490,10,Control,Saline,S/C,0.227292
3490,11,Control,Saline,S/C,0.250574
3490,12,Control,Saline,S/C,0.285594
3490,13,Control,Saline,S/C,0.231018
3490,14,Control,Saline,S/C,0.238121
3490,15,Control,Saline,S/C,0.284615
3516,1,Control,Saline,S/C,0.26317
3516,2,Control,Saline,S/C,0.253764
3516,3,Control,Saline,S/C,0.241087
3516,4,Control,Saline,S/C,0.264471
3516,5,Control,Saline,S/C,0.248483
3516,6,Control,Saline,S/C,0.237249
3516,7,Control,Saline,S/C,0.250931
3516,8,Control,Saline,S/C,0.242878
3516,9,Control,Saline,S/C,0.229708
3516,10,Control,Saline,S/C,0.262242
3516,11,Control,Saline,S/C,0.251104
3516,12,Control,Saline,S/C,0.230395
3516,13,Control,Saline,S/C,0.242492
3516,14,Control,Saline,S/C,0.215969
3516,15,Control,Saline,S/C,0.230076
J2292,1,Control,Saline,S/C,0.394664
J2292,2,Control,Saline,S/C,0.408167
J2292,3,Control,Saline,S/C,0.384366
J2292,4,Control,Saline,S/C,0.355445
J2292,5,Control,Saline,S/C,0.349615
J2292,6,Control,Saline,S/C,0.357587
J2292,7,Control,Saline,S/C,0.338059
J2292,8,Control,Saline,S/C,0.346939
J2292,9,Control,Saline,S/C,0.355418
J2292,10,Control,Saline,S/C,0.375716
J2292,11,Control,Saline,S/C,0.350877
J2292,12,Control,Saline,S/C,0.356204
J2292,13,Control,Saline,S/C,0.386189
J2292,14,Control,Saline,S/C,0.342094
J2292,15,Control,Saline,S/C,0.347054
3414,1,Ts65Dn,Memantine,C/S,0.364953
3414,2,Ts65Dn,Memantine,C/S,0.366149
3414,3,Ts65Dn,Memantine,C/S,0.384049
3414,4,Ts65Dn,Memantine,C/S,0.324365
3414,5,Ts65Dn,Memantine,C/S,0.335976
3414,6,Ts65Dn,Memantine,C/S,0.334827
3414,7,Ts65Dn,Memantine,C/S,0.312435
3414,8,Ts65Dn,Memantine,C/S,0.327057
3414,9,Ts65Dn,Memantine,C/S,0.313107
3414,10,Ts65Dn,Memantine,C/S,0.301044
3414,11,Ts65Dn,Memantine,C/S,0.327938
3414,12,Ts65Dn,Memantine,C/S,0.312754
3414,13,Ts65Dn,Memantine,C/S,0.278319
3414,14,Ts65Dn,Memantine,C/S,0.294018
3414,15,Ts65Dn,Memantine,C/S,0.27891
3416,1,Ts65Dn,Memantine,C/S,0.32798
3416,2,Ts65Dn,Memantine,C/S,0.341103
3416,3,Ts65Dn,Memantine,C/S,0.34193
3416,4,Ts65Dn,Memantine,C/S,0.311465
3416,5,Ts65Dn,Memantine,C/S,0.318659
3416,6,Ts65Dn,Memantine,C/S,0.316855
3416,7,Ts65Dn,Memantine,C/S,0.294931
3416,8,Ts65Dn,Memantine,C/S,0.290523
3416,9,Ts65Dn,Memantine,C/S,0.307473
3416,10,Ts65Dn,Memantine,C/S,0.279319
3416,11,Ts65Dn,Memantine,C/S,0.249167
3416,12,Ts65Dn,Memantine,C/S,0.268377
3416,13,Ts65Dn,Memantine,C/S,0.322344
3416,14,Ts65Dn,Memantine,C/S,0.251432
3416,15,Ts65Dn,Memantine,C/S,0.263418
3417,1,Ts65Dn,Memantine,C/S,0.261531
3417,2,Ts65Dn,Memantine,C/S,0.250591
3417,3,Ts65Dn,Memantine,C/S,0.257682
3417,4,Ts65Dn,Memantine,C/S,0.233023
3417,5,Ts65Dn,Memantine,C/S,0.241056
3417,6,Ts65Dn,Memantine,C/S,0.255966
3417,7,Ts65Dn,Memantine,C/S,0.228785
3417,8,Ts65Dn,Memantine,C/S,0.237377
3417,9,Ts65Dn,Memantine,C/S,0.243436
3417,10,Ts65Dn,Memantine,C/S,0.231257
3417,11,Ts65Dn,Memantine,C/S,0.251415
3417,12,Ts65Dn,Memantine,C/S,0.255
3417,13,Ts65Dn,Memantine,C/S,0.293371
3417,14,Ts65Dn,Memantine,C/S,0.253147
3417,15,Ts65Dn,Memantine,C/S,0.290439
3429,1,Ts65Dn,Memantine,C/S,0.280459
3429,2,Ts65Dn,Memantine,C/S,0.274917
3429,3,Ts65Dn,Memantine,C/S,0.29375
3429,4,Ts65Dn,Memantine,C/S,0.26449
3429,5,Ts65Dn,Memantine,C/S,0.259551
3429,6,Ts65Dn,Memantine,C/S,0.253353
3429,7,Ts65Dn,Memantine,C/S,0.235359
3429,8,Ts65Dn,Memantine,C/S,0.240833
3429,9,Ts65Dn,Memantine,C/S,0.255948
3429,10,Ts65Dn,Memantine,C/S,0.296879
3429,11,Ts65Dn,Memantine,C/S,0.240915
3429,12,Ts65Dn,Memantine,C/S,0.241051
3429,13,Ts65Dn,Memantine,C/S,0.275542
3429,14,Ts65Dn,Memantine,C/S,0.235624
3429,15,Ts65Dn,Memantine,C/S,0.22777
3504,1,Ts65Dn,Memantine,C/S,0.319868
3504,2,Ts65Dn,Memantine,C/S,0.311151
3504,3,Ts65Dn,Memantine,C/S,0.323282
3504,4,Ts65Dn,Memantine,C/S,0.301411
3504,5,Ts65Dn,Memantine,C/S,0.286099
3504,6,Ts65Dn,Memantine,C/S,0.279078
3504,7,Ts65Dn,Memantine,C/S,0.274184
3504,8,Ts65Dn,Memantine,C/S,0.264681
3504,9,Ts65Dn,Memantine,C/S,0.269813
3504,10,Ts65Dn,Memantine,C/S,0.303199
3504,11,Ts65Dn,Memantine,C/S,0.248359
3504,12,Ts65Dn,Memantine,C/S,0.261926
3504,13,Ts65Dn,Memantine,C/S,0.249688
3504,14,Ts65Dn,Memantine,C/S,0.232791
3504,15,Ts65Dn,Memantine,C/S,0.213702
3505,1,Ts65Dn,Memantine,C/S,0.466673
3505,2,Ts65Dn,Memantine,C/S,0.44584
3505,3,Ts65Dn,Memantine,C/S,0.432996
3505,4,Ts65Dn,Memantine,C/S,0.388574
3505,5,Ts65Dn,Memantine,C/S,0.381541
3505,6,Ts65Dn,Memantine,C/S,0.378001
3505,7,Ts65Dn,Memantine,C/S,0.37635
3505,8,Ts65Dn,Memantine,C/S,0.361237
3505,9,Ts65Dn,Memantine,C/S,0.348197
3505,10,Ts65Dn,Memantine,C/S,0.327454
3505,11,Ts65Dn,Memantine,C/S,0.332912
3505,12,Ts65Dn,Memantine,C/S,0.314334
3505,13,Ts65Dn,Memantine,C/S,0.326749
3505,14,Ts65Dn,Memantine,C/S,0.321734
3505,15,Ts65Dn,Memantine,C/S,0.318717
3522,1,Ts65Dn,Memantine,C/S,0.415447
3522,2,Ts65Dn,Memantine,C/S,0.390778
3522,3,Ts65Dn,Memantine,C/S,0.384108
3522,4,Ts65Dn,Memantine,C/S,0.344279
3522,5,Ts65Dn,Memantine,C/S,0.342264
3522,6,Ts65Dn,Memantine,C/S,0.324337
3522,7,Ts65Dn,Memantine,C/S,0.319143
3522,8,Ts65Dn,Memantine,C/S,0.309007
3522,9,Ts65Dn,Memantine,C/S,0.294898
3522,10,Ts65Dn,Memantine,C/S,0.330666
3522,11,Ts65Dn,Memantine,C/S,0.317112
3522,12,Ts65Dn,Memantine,C/S,0.32233
3522,13,Ts65Dn,Memantine,C/S,0.326418
3522,14,Ts65Dn,Memantine,C/S,0.290119
3522,15,Ts65Dn,Memantine,C/S,0.360893
361,1,Ts65Dn,Memantine,C/S,0.417844
361,2,Ts65Dn,Memantine,C/S,0.418137
361,3,Ts65Dn,Memantine,C/S,0.414949
361,4,Ts65Dn,Memantine,C/S,0.377916
361,5,Ts65Dn,Memantine,C/S,0.390885
361,6,Ts65Dn,Memantine,C/S,0.387638
361,7,Ts65Dn,Memantine,C/S,0.344299
361,8,Ts65Dn,Memantine,C/S,0.351439
361,9,Ts65Dn,Memantine,C/S,0.345825
361,10,Ts65Dn,Memantine,C/S,0.335982
361,11,Ts65Dn,Memantine,C/S,0.33145
361,12,Ts65Dn,Memantine,C/S,0.365003
361,13,Ts65Dn,Memantine,C/S,0.324859
361,14,Ts65Dn,Memantine,C/S,0.331877
361,15,Ts65Dn,Memantine,C/S,0.329746
363,1,Ts65Dn,Memantine,C/S,0.3421
363,2,Ts65Dn,Memantine,C/S,0.342218
363,3,Ts65Dn,Memantine,C/S,0.353698
363,4,Ts65Dn,Memantine,C/S,0.311645
363,5,Ts65Dn,Memantine,C/S,0.325451
363,6,Ts65Dn,Memantine,C/S,0.310937
363,7,Ts65Dn,Memantine,C/S,0.338903
363,8,Ts65Dn,Memantine,C/S,0.330187
363,9,Ts65Dn,Memantine,C/S,0.315903
363,10,Ts65Dn,Memantine,C/S,0.321025
363,11,Ts65Dn,Memantine,C/S,0.359624
363,12,Ts65Dn,Memantine,C/S,0.328582
363,13,Ts65Dn,Memantine,C/S,0.35099
363,14,Ts65Dn,Memantine,C/S,0.331991
363,15,Ts65Dn,Memantine,C/S,0.35401
293,1,Ts65Dn,Memantine,S/C,0.333576
293,2,Ts65Dn,Memantine,S/C,0.301704
293,3,Ts65Dn,Memantine,S/C,0.296144
293,4,Ts65Dn,Memantine,S/C,0.313085
293,5,Ts65Dn,Memantine,S/C,0.302282
293,6,Ts65Dn,Memantine,S/C,0.283995
293,7,Ts65Dn,Memantine,S/C,0.302443
293,8,Ts65Dn,Memantine,S/C,0.279165
293,9,Ts65Dn,Memantine,S/C,0.296649
293,10,Ts65Dn,Memantine,S/C,0.2781
293,11,Ts65Dn,Memantine,S/C,0.270512
293,12,Ts65Dn,Memantine,S/C,0.27451
293,13,Ts65Dn,Memantine,S/C,0.310116
293,14,Ts65Dn,Memantine,S/C,0.262756
293,15,Ts65Dn,Memantine,S/C,0.294074
3411,1,Ts65Dn,Memantine,S/C,0.34414
3411,2,Ts65Dn,Memantine,S/C,0.328604
3411,3,Ts65Dn,Memantine,S/C,0.311877
3411,4,Ts65Dn,Memantine,S/C,0.315608
3411,5,Ts65Dn,Memantine,S/C,0.319454
3411,6,Ts65Dn,Memantine,S/C,0.288943
3411,7,Ts65Dn,Memantine,S/C,0.316298
3411,8,Ts65Dn,Memantine,S/C,0.307069
3411,9,Ts65Dn,Memantine,S/C,0.282928
3411,10,Ts65Dn,Memantine,S/C,0.295845
3411,11,Ts65Dn,Memantine,S/C,0.295212
3411,12,Ts65Dn,Memantine,S/C,0.286301
3411,13,Ts65Dn,Memantine,S/C,0.307088
3411,14,Ts65Dn,Memantine,S/C,0.303403
3411,15,Ts65Dn,Memantine,S/C,0.298298
3418,1,Ts65Dn,Memantine,S/C,0.355307
3418,2,Ts65Dn,Memantine,S/C,0.333895
3418,3,Ts65Dn,Memantine,S/C,0.32032
3418,4,Ts65Dn,Memantine,S/C,0.347986
3418,5,Ts65Dn,Memantine,S/C,0.370135
3418,6,Ts65Dn,Memantine,S/C,0.312561
3418,7,Ts65Dn,Memantine,S/C,0.32875
3418,8,Ts65Dn,Memantine,S/C,0.347462
3418,9,Ts65Dn,Memantine,S/C,0.287719
3418,10,Ts65Dn,Memantine,S/C,0.317874
3418,11,Ts65Dn,Memantine,S/C,0.31985
3418,12,Ts65Dn,Memantine,S/C,0.295291
3418,13,Ts65Dn,Memantine,S/C,0.294469
3418,14,Ts65Dn,Memantine,S/C,0.30743
3418,15,Ts65Dn,Memantine,S/C,0.303126
3501,1,Ts65Dn,Memantine,S/C,0.362708
3501,2,Ts65Dn,Memantine,S/C,0.363839
3501,3,Ts65Dn,Memantine,S/C,0.37007
3501,4,Ts65Dn,Memantine,S/C,0.349725
3501,5,Ts65Dn,Memantine,S/C,0.353194
3501,6,Ts65Dn,Memantine,S/C,0.378771
3501,7,Ts65Dn,Memantine,S/C,0.335164
3501,8,Ts65Dn,Memantine,S/C,0.345007
3501,9,Ts65Dn,Memantine,S/C,0.348993
3501,10,Ts65Dn,Memantine,S/C,0.321605
3501,11,Ts65Dn,Memantine,S/C,0.328236
3501,12,Ts65Dn,Memantine,S/C,0.383583
3501,13,Ts65Dn,Memantine,S/C,0.34983
3501,14,Ts65Dn,Memantine,S/C,0.378558
3501,15,Ts65Dn,Memantine,S/C,0.364004
3502,1,Ts65Dn,Memantine,S/C,0.376907
3502,2,Ts65Dn,Memantine,S/C,0.405282
3502,3,Ts65Dn,Memantine,S/C,0.397755
3502,4,Ts65Dn,Memantine,S/C,0.360998
3502,5,Ts65Dn,Memantine,S/C,0.377519
3502,6,Ts65Dn,Memantine,S/C,0.394224
3502,7,Ts65Dn,Memantine,S/C,0.350045
3502,8,Ts65Dn,Memantine,S/C,0.357456
3502,9,Ts65Dn,Memantine,S/C,0.361913
3502,10,Ts65Dn,Memantine,S/C,0.373277
3502,11,Ts65Dn,Memantine,S/C,0.384742
3502,12,Ts65Dn,Memantine,S/C,0.382093
3502,13,Ts65Dn,Memantine,S/C,0.351964
3502,14,Ts65Dn,Memantine,S/C,0.335646
3502,15,Ts65Dn,Memantine,S/C,0.401747
3530,1,Ts65Dn,Memantine,S/C,0.32404
3530,2,Ts65Dn,Memantine,S/C,0.307672
3530,3,Ts65Dn,Memantine,S/C,0.321766
3530,4,Ts65Dn,Memantine,S/C,0.323881
3530,5,Ts65Dn,Memantine,S/C,0.301774
3530,6,Ts65Dn,Memantine,S/C,0.301783
3530,7,Ts65Dn,Memantine,S/C,0.307172
3530,8,Ts65Dn,Memantine,S/C,0.292994
3530,9,Ts65Dn,Memantine,S/C,0.287795
3530,10,Ts65Dn,Memantine,S/C,0.29315
3530,11,Ts65Dn,Memantine,S/C,0.300911
3530,12,Ts65Dn,Memantine,S/C,0.346914
3530,13,Ts65Dn,Memantine,S/C,0.307038
3530,14,Ts65Dn,Memantine,S/C,0.356548
3530,15,Ts65Dn,Memantine,S/C,0.362496
3534,1,Ts65Dn,Memantine,S/C,0.340994
3534,2,Ts65Dn,Memantine,S/C,0.331378
3534,3,Ts65Dn,Memantine,S/C,0.341868
3534,4,Ts65Dn,Memantine,S/C,0.292351
3534,5,Ts65Dn,Memantine,S/C,0.319514
3534,6,Ts65Dn,Memantine,S/C,0.318478
3534,7,Ts65Dn,Memantine,S/C,0.278993
3534,8,Ts65Dn,Memantine,S/C,0.300923
3534,9,Ts65Dn,Memantine,S/C,0.285119
3534,10,Ts65Dn,Memantine,S/C,0.287757
3534,11,Ts65Dn,Memantine,S/C,0.290522
3534,12,Ts65Dn,Memantine,S/C,0.292899
3534,13,Ts65Dn,Memantine,S/C,0.322621
3534,14,Ts65Dn,Memantine,S/C,0.304167
3534,15,Ts65Dn,Memantine,S/C,0.317227
3605,1,Ts65Dn,Memantine,S/C,0.32377
3605,2,Ts65Dn,Memantine,S/C,0.334622
3605,3,Ts65Dn,Memantine,S/C,0.335551
3605,4,Ts65Dn,Memantine,S/C,0.317705
3605,5,Ts65Dn,Memantine,S/C,0.328302
3605,6,Ts65Dn,Memantine,S/C,0.33259
3605,7,Ts65Dn,Memantine,S/C,0.30961
3605,8,Ts65Dn,Memantine,S/C,0.313864
3605,9,Ts65Dn,Memantine,S/C,0.320291
3605,10,Ts65Dn,Memantine,S/C,0.318398
3605,11,Ts65Dn,Memantine,S/C,0.332209
3605,12,Ts65Dn,Memantine,S/C,0.338646
3605,13,Ts65Dn,Memantine,S/C,0.327122
3605,14,Ts65Dn,Memantine,S/C,0.324705
3605,15,Ts65Dn,Memantine,S/C,0.373885
3606,1,Ts65Dn,Memantine,S/C,0.322898
3606,2,Ts65Dn,Memantine,S/C,0.303897
3606,3,Ts65Dn,Memantine,S/C,0.318074
3606,4,Ts65Dn,Memantine,S/C,0.291968
3606,5,Ts65Dn,Memantine,S/C,0.277104
3606,6,Ts65Dn,Memantine,S/C,0.276841
3606,7,Ts65Dn,Memantine,S/C,0.281387
3606,8,Ts65Dn,Memantine,S/C,0.268012
3606,9,Ts65Dn,Memantine,S/C,0.274716
3606,10,Ts65Dn,Memantine,S/C,0.272151
3606,11,Ts65Dn,Memantine,S/C,0.284912
3606,12,Ts65Dn,Memantine,S/C,0.273054
3606,13,Ts65Dn,Memantine,S/C,0.26831
3606,14,Ts65Dn,Memantine,S/C,0.286513
3606,15,Ts65Dn,Memantine,S/C,0.264488
18899,1,Ts65Dn,Saline,C/S,0.316019
18899,2,Ts65Dn,Saline,C/S,0.324897
18899,3,Ts65Dn,Saline,C/S,0.356137
18899,4,Ts65Dn,Saline,C/S,0.295108
18899,5,Ts65Dn,Saline,C/S,0.3146
18899,6,Ts65Dn,Saline,C/S,0.32617
18899,7,Ts65Dn,Saline,C/S,0.270482
18899,8,Ts65Dn,Saline,C/S,0.267544
18899,9,Ts65Dn,Saline,C/S,0.308209
18899,10,Ts65Dn,Saline,C/S,0.267427
18899,11,Ts65Dn,Saline,C/S,0.276098
18899,12,Ts65Dn,Saline,C/S,0.295352
18899,13,Ts65Dn,Saline,C/S,0.292274
18899,14,Ts65Dn,Saline,C/S,0.286921
18899,15,Ts65Dn,Saline,C/S,0.290877
3476,1,Ts65Dn,Saline,C/S,0.352553
3476,2,Ts65Dn,Saline,C/S,0.347529
3476,3,Ts65Dn,Saline,C/S,0.370935
3476,4,Ts65Dn,Saline,C/S,0.300497
3476,5,Ts65Dn,Saline,C/S,0.29487
3476,6,Ts65Dn,Saline,C/S,0.304108
3476,7,Ts65Dn,Saline,C/S,0.291847
3476,8,Ts65Dn,Saline,C/S,0.302108
3476,9,Ts65Dn,Saline,C/S,0.292148
3476,10,Ts65Dn,Saline,C/S,0.332319
3476,11,Ts65Dn,Saline,C/S,0.30167
3476,12,Ts65Dn,Saline,C/S,0.288274
3476,13,Ts65Dn,Saline,C/S,0.282316
3476,14,Ts65Dn,Saline,C/S,0.284848
3476,15,Ts65Dn,Saline,C/S,0.289834
3483,1,Ts65Dn,Saline,C/S,0.355558
3483,2,Ts65Dn,Saline,C/S,0.337887
3483,3,Ts65Dn,Saline,C/S,0.346878
3483,4,Ts65Dn,Saline,C/S,0.29483
3483,5,Ts65Dn,Saline,C/S,0.288591
3483,6,Ts65Dn,Saline,C/S,0.294651
3483,7,Ts65Dn,Saline,C/S,0.285349
3483,8,Ts65Dn,Saline,C/S,0.271283
3483,9,Ts65Dn,Saline,C/S,0.279176
3483,10,Ts65Dn,Saline,C/S,0.25463
3483,11,Ts65Dn,Saline,C/S,0.259678
3483,12,Ts65Dn,Saline,C/S,0.24771
3483,13,Ts65Dn,Saline,C/S,0.243761
3483,14,Ts65Dn,Saline,C/S,0.241951
3483,15,Ts65Dn,Saline,C/S,0.239984
3498,1,Ts65Dn,Saline,C/S,0.320744
3498,2,Ts65Dn,Saline,C/S,0.339598
3498,3,Ts65Dn,Saline,C/S,0.33973
3498,4,Ts65Dn,Saline,C/S,0.289645
3498,5,Ts65Dn,Saline,C/S,0.324456
3498,6,Ts65Dn,Saline,C/S,0.322087
3498,7,Ts65Dn,Saline,C/S,0.26876
3498,8,Ts65Dn,Saline,C/S,0.287444
3498,9,Ts65Dn,Saline,C/S,0.290756
3498,10,Ts65Dn,Saline,C/S,0.245156
3498,11,Ts65Dn,Saline,C/S,0.266423
3498,12,Ts65Dn,Saline,C/S,0.282203
3498,13,Ts65Dn,Saline,C/S,0.254906
3498,14,Ts65Dn,Saline,C/S,0.262724
3498,15,Ts65Dn,Saline,C/S,0.265834
50810B,1,Ts65Dn,Saline,C/S,0.342749
50810B,2,Ts65Dn,Saline,C/S,0.343922
50810B,3,Ts65Dn,Saline,C/S,0.337326
50810B,4,Ts65Dn,Saline,C/S,0.304595
50810B,5,Ts65Dn,Saline,C/S,0.295302
50810B,6,Ts65Dn,Saline,C/S,0.292914
50810B,7,Ts65Dn,Saline,C/S,0.278251
50810B,8,Ts65Dn,Saline,C/S,0.271983
50810B,9,Ts65Dn,Saline,C/S,0.290728
50810B,10,Ts65Dn,Saline,C/S,0.255749
50810B,11,Ts65Dn,Saline,C/S,0.247882
50810B,12,Ts65Dn,Saline,C/S,0.258142
50810B,13,Ts65Dn,Saline,C/S,0.245065
50810B,14,Ts65Dn,Saline,C/S,0.245794
50810B,15,Ts65Dn,Saline,C/S,0.242115
50810C,1,Ts65Dn,Saline,C/S,0.442336
50810C,2,Ts65Dn,Saline,C/S,0.441596
50810C,3,Ts65Dn,Saline,C/S,0.464848
50810C,4,Ts65Dn,Saline,C/S,0.373247
50810C,5,Ts65Dn,Saline,C/S,0.381948
50810C,6,Ts65Dn,Saline,C/S,0.374207
50810C,7,Ts65Dn,Saline,C/S,0.337904
50810C,8,Ts65Dn,Saline,C/S,0.341565
50810C,9,Ts65Dn,Saline,C/S,0.342227
50810C,10,Ts65Dn,Saline,C/S,0.312549
50810C,11,Ts65Dn,Saline,C/S,0.301582
50810C,12,Ts65Dn,Saline,C/S,0.308031
50810C,13,Ts65Dn,Saline,C/S,0.294338
50810C,14,Ts65Dn,Saline,C/S,0.285146
50810C,15,Ts65Dn,Saline,C/S,0.309031
50810E,1,Ts65Dn,Saline,C/S,0.37671
50810E,2,Ts65Dn,Saline,C/S,0.383856
50810E,3,Ts65Dn,Saline,C/S,0.386226
50810E,4,Ts65Dn,Saline,C/S,0.333833
50810E,5,Ts65Dn,Saline,C/S,0.331712
50810E,6,Ts65Dn,Saline,C/S,0.330872
50810E,7,Ts65Dn,Saline,C/S,0.299756
50810E,8,Ts65Dn,Saline,C/S,0.306178
50810E,9,Ts65Dn,Saline,C/S,0.305586
50810E,10,Ts65Dn,Saline,C/S,0.296177
50810E,11,Ts65Dn,Saline,C/S,0.290638
50810E,12,Ts65Dn,Saline,C/S,0.296423
50810E,13,Ts65Dn,Saline,C/S,0.278855
50810E,14,Ts65Dn,Saline,C/S,0.276118
50810E,15,Ts65Dn,Saline,C/S,0.290978
3421,1,Ts65Dn,Saline,S/C,0.323672
3421,2,Ts65Dn,Saline,S/C,0.317243
3421,3,Ts65Dn,Saline,S/C,0.345641
3421,4,Ts65Dn,Saline,S/C,0.300679
3421,5,Ts65Dn,Saline,S/C,0.301781
3421,6,Ts65Dn,Saline,S/C,0.310188
3421,7,Ts65Dn,Saline,S/C,0.25006
3421,8,Ts65Dn,Saline,S/C,0.25863
3421,9,Ts65Dn,Saline,S/C,0.27733
3421,10,Ts65Dn,Saline,S/C,0.234618
3421,11,Ts65Dn,Saline,S/C,0.248694
3421,12,Ts65Dn,Saline,S/C,0.276658
3421,13,Ts65Dn,Saline,S/C,0.241693
3421,14,Ts65Dn,Saline,S/C,0.239036
3421,15,Ts65Dn,Saline,S/C,0.289689
3425,1,Ts65Dn,Saline,S/C,0.318812
3425,2,Ts65Dn,Saline,S/C,0.314783
3425,3,Ts65Dn,Saline,S/C,0.298397
3425,4,Ts65Dn,Saline,S/C,0.284405
3425,5,Ts65Dn,Saline,S/C,0.269501
3425,6,Ts65Dn,Saline,S/C,0.261559
3425,7,Ts65Dn,Saline,S/C,0.260963
3425,8,Ts65Dn,Saline,S/C,0.234377
3425,9,Ts65Dn,Saline,S/C,0.235014
3425,10,Ts65Dn,Saline,S/C,0.246042
3425,11,Ts65Dn,Saline,S/C,0.207663
3425,12,Ts65Dn,Saline,S/C,0.216283
3425,13,Ts65Dn,Saline,S/C,0.203436
3425,14,Ts65Dn,Saline,S/C,0.206749
3425,15,Ts65Dn,Saline,S/C,0.19416
3426,1,Ts65Dn,Saline,S/C,0.40932
3426,2,Ts65Dn,Saline,S/C,0.387327
3426,3,Ts65Dn,Saline,S/C,0.37644
3426,4,Ts65Dn,Saline,S/C,0.382957
3426,5,Ts65Dn,Saline,S/C,0.34726
3426,6,Ts65Dn,Saline,S/C,0.347187
3426,7,Ts65Dn,Saline,S/C,0.344047
3426,8,Ts65Dn,Saline,S/C,0.316564
3426,9,Ts65Dn,Saline,S/C,0.321841
3426,10,Ts65Dn,Saline,S/C,0.318545
3426,11,Ts65Dn,Saline,S/C,0.297992
3426,12,Ts65Dn,Saline,S/C,0.301539
3426,13,Ts65Dn,Saline,S/C,
3426,14,Ts65Dn,Saline,S/C,
3426,15,Ts65Dn,Saline,S/C,
3491,1,Ts65Dn,Saline,S/C,0.383867
3491,2,Ts65Dn,Saline,S/C,0.401131
3491,3,Ts65Dn,Saline,S/C,0.380524
3491,4,Ts65Dn,Saline,S/C,0.353677
3491,5,Ts65Dn,Saline,S/C,0.352658
3491,6,Ts65Dn,Saline,S/C,0.332893
3491,7,Ts65Dn,Saline,S/C,0.343369
3491,8,Ts65Dn,Saline,S/C,0.313408
3491,9,Ts65Dn,Saline,S/C,0.289786
3491,10,Ts65Dn,Saline,S/C,0.363295
3491,11,Ts65Dn,Saline,S/C,0.385962
3491,12,Ts65Dn,Saline,S/C,0.36193
3491,13,Ts65Dn,Saline,S/C,0.358587
3491,14,Ts65Dn,Saline,S/C,0.362458
3491,15,Ts65Dn,Saline,S/C,0.356125
3513,1,Ts65Dn,Saline,S/C,0.374947
3513,2,Ts65Dn,Saline,S/C,0.387617
3513,3,Ts65Dn,Saline,S/C,0.380381
3513,4,Ts65Dn,Saline,S/C,0.399491
3513,5,Ts65Dn,Saline,S/C,0.357768
3513,6,Ts65Dn,Saline,S/C,0.312659
3513,7,Ts65Dn,Saline,S/C,0.366357
3513,8,Ts65Dn,Saline,S/C,0.33696
3513,9,Ts65Dn,Saline,S/C,0.317011
3513,10,Ts65Dn,Saline,S/C,0.332732
3513,11,Ts65Dn,Saline,S/C,0.2925
3513,12,Ts65Dn,Saline,S/C,0.303364
3513,13,Ts65Dn,Saline,S/C,0.325909
3513,14,Ts65Dn,Saline,S/C,0.317005
3513,15,Ts65Dn,Saline,S/C,0.291444
3517,1,Ts65Dn,Saline,S/C,0.403593
3517,2,Ts65Dn,Saline,S/C,0.390865
3517,3,Ts65Dn,Saline,S/C,0.370729
3517,4,Ts65Dn,Saline,S/C,0.375519
3517,5,Ts65Dn,Saline,S/C,0.344654
3517,6,Ts65Dn,Saline,S/C,0.385701
3517,7,Ts65Dn,Saline,S/C,0.376145
3517,8,Ts65Dn,Saline,S/C,0.326145
3517,9,Ts65Dn,Saline,S/C,0.363265
3517,10,Ts65Dn,Saline,S/C,0.37956
3517,11,Ts65Dn,Saline,S/C,0.346371
3517,12,Ts65Dn,Saline,S/C,0.314811
3517,13,Ts65Dn,Saline,S/C,0.395093
3517,14,Ts65Dn,Saline,S/C,0.361793
3517,15,Ts65Dn,Saline,S/C,0.336905
3525,1,Ts65Dn,Saline,S/C,0.417971
3525,2,Ts65Dn,Saline,S/C,0.435057
3525,3,Ts65Dn,Saline,S/C,0.443358
3525,4,Ts65Dn,Saline,S/C,0.403841
3525,5,Ts65Dn,Saline,S/C,0.425734
3525,6,Ts65Dn,Saline,S/C,0.439751
3525,7,Ts65Dn,Saline,S/C,0.383499
3525,8,Ts65Dn,Saline,S/C,0.405295
3525,9,Ts65Dn,Saline,S/C,0.404152
3525,10,Ts65Dn,Saline,S/C,0.420483
3525,11,Ts65Dn,Saline,S/C,0.399101
3525,12,Ts65Dn,Saline,S/C,0.43165
3525,13,Ts65Dn,Saline,S/C,0.361243
3525,14,Ts65Dn,Saline,S/C,0.390353
3525,15,Ts65Dn,Saline,S/C,0.386275
J1291,1,Ts65Dn,Saline,S/C,0.320348
J1291,2,Ts65Dn,Saline,S/C,0.319746
J1291,3,Ts65Dn,Saline,S/C,0.326299
J1291,4,Ts65Dn,Saline,S/C,0.303124
J1291,5,Ts65Dn,Saline,S/C,0.300984
J1291,6,Ts65Dn,Saline,S/C,0.329317
J1291,7,Ts65Dn,Saline,S/C,0.296071
J1291,8,Ts65Dn,Saline,S/C,0.27935
J1291,9,Ts65Dn,Saline,S/C,0.283381
J1291,10,Ts65Dn,Saline,S/C,0.276429
J1291,11,Ts65Dn,Saline,S/C,0.275944
J1291,12,Ts65Dn,Saline,S/C,0.274345
J1291,13,Ts65Dn,Saline,S/C,0.253432
J1291,14,Ts65Dn,Saline,S/C,0.255145
J1291,15,Ts65Dn,Saline,S/C,0.282579
J3295,1,Ts65Dn,Saline,S/C,0.344688
J3295,2,Ts65Dn,Saline,S/C,0.354467
J3295,3,Ts65Dn,Saline,S/C,0.362811
J3295,4,Ts65Dn,Saline,S/C,0.31362
J3295,5,Ts65Dn,Saline,S/C,0.334691
J3295,6,Ts65Dn,Saline,S/C,0.314915
J3295,7,Ts65Dn,Saline,S/C,0.290576
J3295,8,Ts65Dn,Saline,S/C,0.316404
J3295,9,Ts65Dn,Saline,S/C,0.299645
J3295,10,Ts65Dn,Saline,S/C,0.254439
J3295,11,Ts65Dn,Saline,S/C,0.25486
J3295,12,Ts65Dn,Saline,S/C,0.251638
J3295,13,Ts65Dn,Saline,S/C,0.234118
J3295,14,Ts65Dn,Saline,S/C,0.243974
J3295,15,Ts65Dn,Saline,S/C,0.256564
